cluster,n_customer,perc_customer,gross_revenue,recency,frequency,number_products,nunique_products,return_rate,avg_order_value,avg_basket_size,lifetime,teste
Loyals,577,0.134,2943.37842287695,48.64471403812825,0.032342532001036324,132.8006932409012,99.94107452339688,0.12086568402824115,487.2087046083536,307.32554315589056,266.3587521663778,Teste 1
Absentings,611,0.141,413.80216039279867,134.07692307692307,0.022035158938851936,18.02127659574468,16.905073649754502,0.061492349258306704,237.1023887265217,147.39624412230796,189.23076923076923,Teste 2
Medians,1225,0.284,883.8461632653061,87.79102040816326,0.025247787788973304,44.38530612244898,38.69714285714286,0.09078133264277195,333.3280350585517,204.68562867410665,202.64163265306124,Teste 3
Outs,819,0.19,203.10092796092798,149.8034188034188,0.02109516085177546,10.85958485958486,10.177045177045176,0.10608756323042037,110.6533933368219,72.0129033664748,198.18559218559218,Teste 4
Waitings,155,0.036,504.66851612903224,130.85806451612902,0.02826412168062983,16.974193548387095,16.47741935483871,0.009139784946236558,386.9763193548387,239.8150537634409,156.0,Teste 5
Insiders,484,0.112,8875.20117768595,22.1900826446281,0.059498940905034874,420.2417355371901,223.26446280991735,0.14283506640368487,566.1402661506331,321.5520145077855,308.8822314049587,Teste 6
Potencials,449,0.104,1611.52570155902,58.47216035634744,0.02957163470213653,87.60579064587974,70.59910913140311,0.12309659949931806,335.93217551229077,210.3756395477879,245.33407572383072,Teste 7
