cluster,n_customer,perc_customer,gross_revenue,recency,frequency,number_products,nunique_products,return_rate,avg_order_value,avg_basket_size,lifetime
Loyals,0.394392523364486,0.39516129032258085,0.3159877556769378,0.20730303109216078,0.2928714604047493,0.2978662068668129,0.4212544801730431,0.835675708701537,0.8267094701222175,0.942989011675053,0.7218546665116137
Absentings,0.4261682242990655,0.4233870967741936,0.02429644796121351,0.87676448089307,0.024476707391117736,0.01749390324982626,0.03157402979232229,0.3915812416216991,0.27761282034002366,0.30209028320672576,0.21736187996070422
Medians,1.0,1.0,0.07849831248502499,0.5140602051333193,0.10813068222552225,0.0818934611764892,0.13384224182225013,0.610653919918032,0.48887169973996636,0.5316710663143345,0.30508210289994775
Outs,0.6205607476635515,0.6209677419354841,0.0,1.0,0.0,0.0,0.0,0.7251398645287248,0.0,0.0,0.27593522018821015
Waitings,0.0,0.0,0.03477445826086552,0.8515409528694097,0.1866733123383234,0.014936187810536915,0.029567086821843384,0.0,0.6066539839249527,0.6724482973009469,0.0
Insiders,0.3074766355140187,0.30645161290322587,1.0000000000000002,0.0,1.0,1.0,1.0,1.0,1.0,1.0000000000000002,1.0000000000000002
Potencials,0.27476635514018694,0.27419354838709686,0.16240872834037529,0.28431258678617377,0.22071977911043295,0.1874683731551689,0.2835552874288381,0.8523622771933873,0.4945889675893157,0.5544731467082935,0.5843326258576129
